Name,Count,Year,Gender,Country
Lucas,4217,2017,M,Spain
Hugo,4160,2017,M,Spain
Martin,3848,2017,M,Spain
Daniel,3727,2017,M,Spain
Pablo,3431,2017,M,Spain
Alejandro,3226,2017,M,Spain
Mateo,3126,2017,M,Spain
Adrian,2845,2017,M,Spain
Alvaro,2800,2017,M,Spain
Manuel,2525,2017,M,Spain
Leo,2492,2017,M,Spain
David,2484,2017,M,Spain
Mario,2421,2017,M,Spain
Diego,2259,2017,M,Spain
Javier,2015,2017,M,Spain
Enzo,1965,2017,M,Spain
Izan,1897,2017,M,Spain
Marcos,1752,2017,M,Spain
Marco,1720,2017,M,Spain
Alex,1618,2017,M,Spain
Carlos,1579,2017,M,Spain
Sergio,1539,2017,M,Spain
Marc,1499,2017,M,Spain
Antonio,1468,2017,M,Spain
Bruno,1444,2017,M,Spain
Miguel,1409,2017,M,Spain
Gonzalo,1398,2017,M,Spain
Jorge,1394,2017,M,Spain
Juan,1323,2017,M,Spain
Dylan,1290,2017,M,Spain
Angel,1289,2017,M,Spain
Nicolas,1248,2017,M,Spain
Oliver,1230,2017,M,Spain
Thiago,1166,2017,M,Spain
Eric,1135,2017,M,Spain
Gabriel,1097,2017,M,Spain
Iker,1095,2017,M,Spain
Jose,1068,2017,M,Spain
Hector,1053,2017,M,Spain
Ivan,1052,2017,M,Spain
Adam,1047,2017,M,Spain
Gael,1029,2017,M,Spain
Dario,1008,2017,M,Spain
Samuel,1007,2017,M,Spain
Victor,970,2017,M,Spain
Rodrigo,946,2017,M,Spain
Ruben,945,2017,M,Spain
Luca,898,2017,M,Spain
Jesus,894,2017,M,Spain
Aaron,865,2017,M,Spain
Raul,839,2017,M,Spain
Francisco,833,2017,M,Spain
Ian,816,2017,M,Spain
Guillermo,812,2017,M,Spain
Erik,801,2017,M,Spain
Pedro,798,2017,M,Spain
Jaime,795,2017,M,Spain
Aitor,784,2017,M,Spain
Pau,780,2017,M,Spain
Rafael,769,2017,M,Spain
Alberto,742,2017,M,Spain
Mohamed,740,2017,M,Spain
Luis,733,2017,M,Spain
Joel,723,2017,M,Spain
Julen,710,2017,M,Spain
Saul,698,2017,M,Spain
Pol,644,2017,M,Spain
Unai,638,2017,M,Spain
Marti,610,2017,M,Spain
Rayan,588,2017,M,Spain
Andres,575,2017,M,Spain
Nil,574,2017,M,Spain
Ismael,571,2017,M,Spain
Fernando,569,2017,M,Spain
Jan,565,2017,M,Spain
Asier,562,2017,M,Spain
Santiago,556,2017,M,Spain
Liam,538,2017,M,Spain
Alonso,534,2017,M,Spain
Biel,506,2017,M,Spain
Aleix,502,2017,M,Spain
Alan,494,2017,M,Spain
Arnau,482,2017,M,Spain
Youssef,480,2017,M,Spain
Oscar,464,2017,M,Spain
Ignacio,444,2017,M,Spain
Isaac,435,2017,M,Spain
Cristian,432,2017,M,Spain
Miguel Angel,430,2017,M,Spain
Matias,427,2017,M,Spain
Amir,424,2017,M,Spain
Neizan,414,2017,M,Spain
Noah,410,2017,M,Spain
Joan,408,2017,M,Spain
Axel,395,2017,M,Spain
Teo,384,2017,M,Spain
Enrique,379,2017,M,Spain
Imran,371,2017,M,Spain
Omar,369,2017,M,Spain
Mauro,364,2017,M,Spain
Hugo,4901,2016,M,Spain
Martin,4255,2016,M,Spain
Daniel,4215,2016,M,Spain
Alejandro,3788,2016,M,Spain
Pablo,3779,2016,M,Spain
Lucas,3741,2016,M,Spain
Alvaro,3186,2016,M,Spain
Adrian,3158,2016,M,Spain
Mateo,2856,2016,M,Spain
David,2834,2016,M,Spain
Mario,2750,2016,M,Spain
Manuel,2665,2016,M,Spain
Diego,2500,2016,M,Spain
Leo,2460,2016,M,Spain
Javier,2149,2016,M,Spain
Marcos,2022,2016,M,Spain
Izan,1925,2016,M,Spain
Alex,1863,2016,M,Spain
Sergio,1781,2016,M,Spain
Enzo,1761,2016,M,Spain
Carlos,1682,2016,M,Spain
Miguel,1592,2016,M,Spain
Marc,1588,2016,M,Spain
Jorge,1547,2016,M,Spain
Antonio,1516,2016,M,Spain
Gonzalo,1439,2016,M,Spain
Angel,1380,2016,M,Spain
Juan,1363,2016,M,Spain
Oliver,1346,2016,M,Spain
Iker,1317,2016,M,Spain
Bruno,1310,2016,M,Spain
Dylan,1310,2016,M,Spain
Eric,1278,2016,M,Spain
Ivan,1241,2016,M,Spain
Marco,1239,2016,M,Spain
Nicolas,1211,2016,M,Spain
Hector,1190,2016,M,Spain
Dario,1164,2016,M,Spain
Jose,1161,2016,M,Spain
Victor,1147,2016,M,Spain
Ruben,1127,2016,M,Spain
Samuel,1096,2016,M,Spain
Gabriel,1073,2016,M,Spain
Adam,1065,2016,M,Spain
Aaron,1055,2016,M,Spain
Thiago,995,2016,M,Spain
Gael,945,2016,M,Spain
Francisco,917,2016,M,Spain
Raul,908,2016,M,Spain
Jesus,898,2016,M,Spain
Guillermo,887,2016,M,Spain
Rodrigo,874,2016,M,Spain
Erik,869,2016,M,Spain
Jaime,865,2016,M,Spain
Aitor,863,2016,M,Spain
Pedro,854,2016,M,Spain
Pau,847,2016,M,Spain
Joel,843,2016,M,Spain
Alberto,820,2016,M,Spain
Luis,819,2016,M,Spain
Ian,794,2016,M,Spain
Mohamed,794,2016,M,Spain
Luca,789,2016,M,Spain
Rafael,782,2016,M,Spain
Julen,781,2016,M,Spain
Unai,712,2016,M,Spain
Asier,695,2016,M,Spain
Marti,653,2016,M,Spain
Rayan,627,2016,M,Spain
Jan,616,2016,M,Spain
Fernando,608,2016,M,Spain
Pol,608,2016,M,Spain
Biel,607,2016,M,Spain
Saul,595,2016,M,Spain
Andres,592,2016,M,Spain
Ismael,579,2016,M,Spain
Oscar,572,2016,M,Spain
Alonso,554,2016,M,Spain
Aleix,553,2016,M,Spain
Nil,546,2016,M,Spain
Cristian,531,2016,M,Spain
Isaac,503,2016,M,Spain
Santiago,500,2016,M,Spain
Miguel Angel,486,2016,M,Spain
Arnau,482,2016,M,Spain
Ignacio,478,2016,M,Spain
Youssef,447,2016,M,Spain
Enrique,445,2016,M,Spain
Mauro,430,2016,M,Spain
Joan,426,2016,M,Spain
Jon,413,2016,M,Spain
Noah,412,2016,M,Spain
Jose Antonio,408,2016,M,Spain
Jose Manuel,408,2016,M,Spain
Omar,396,2016,M,Spain
Eduardo,391,2016,M,Spain
Aimar,390,2016,M,Spain
Gerard,389,2016,M,Spain
Aritz,381,2016,M,Spain
Jordi,374,2016,M,Spain
Hugo,3313,2020,M,Spain
Mateo,3248,2020,M,Spain
Martin,3144,2020,M,Spain
Lucas,3024,2020,M,Spain
Leo,2823,2020,M,Spain
Daniel,2592,2020,M,Spain
Alejandro,2525,2020,M,Spain
Manuel,2411,2020,M,Spain
Pablo,2400,2020,M,Spain
Alvaro,2070,2020,M,Spain
Adrian,1906,2020,M,Spain
Enzo,1843,2020,M,Spain
Mario,1782,2020,M,Spain
Diego,1662,2020,M,Spain
David,1651,2020,M,Spain
Oliver,1390,2020,M,Spain
Marcos,1364,2020,M,Spain
Thiago,1344,2020,M,Spain
Marco,1317,2020,M,Spain
Alex,1313,2020,M,Spain
Javier,1311,2020,M,Spain
Izan,1309,2020,M,Spain
Bruno,1278,2020,M,Spain
Miguel,1258,2020,M,Spain
Antonio,1233,2020,M,Spain
Gonzalo,1217,2020,M,Spain
Liam,1167,2020,M,Spain
Gael,1143,2020,M,Spain
Marc,1068,2020,M,Spain
Carlos,1063,2020,M,Spain
Juan,1059,2020,M,Spain
Angel,1031,2020,M,Spain
Dylan,1009,2020,M,Spain
Nicolas,1008,2020,M,Spain
Jose,996,2020,M,Spain
Sergio,991,2020,M,Spain
Gabriel,990,2020,M,Spain
Luca,972,2020,M,Spain
Jorge,952,2020,M,Spain
Dario,874,2020,M,Spain
Iker,798,2020,M,Spain
Samuel,792,2020,M,Spain
Eric,788,2020,M,Spain
Adam,779,2020,M,Spain
Hector,769,2020,M,Spain
Francisco,745,2020,M,Spain
Rodrigo,736,2020,M,Spain
Jesus,695,2020,M,Spain
Erik,690,2020,M,Spain
Amir,687,2020,M,Spain
Jaime,686,2020,M,Spain
Ian,684,2020,M,Spain
Ruben,679,2020,M,Spain
Aaron,667,2020,M,Spain
Ivan,659,2020,M,Spain
Pau,647,2020,M,Spain
Victor,625,2020,M,Spain
Guillermo,599,2020,M,Spain
Luis,592,2020,M,Spain
Mohamed,592,2020,M,Spain
Pedro,587,2020,M,Spain
Julen,585,2020,M,Spain
Unai,584,2020,M,Spain
Rafael,576,2020,M,Spain
Santiago,554,2020,M,Spain
Saul,553,2020,M,Spain
Alberto,547,2020,M,Spain
Noah,538,2020,M,Spain
Aitor,533,2020,M,Spain
Joel,507,2020,M,Spain
Nil,505,2020,M,Spain
Jan,499,2020,M,Spain
Pol,499,2020,M,Spain
Raul,497,2020,M,Spain
Matias,480,2020,M,Spain
Marti,476,2020,M,Spain
Fernando,475,2020,M,Spain
Andres,447,2020,M,Spain
Rayan,444,2020,M,Spain
Alonso,440,2020,M,Spain
Ismael,435,2020,M,Spain
Asier,423,2020,M,Spain
Biel,410,2020,M,Spain
Ander,393,2020,M,Spain
Aleix,392,2020,M,Spain
Axel,385,2020,M,Spain
Alan,379,2020,M,Spain
Ignacio,376,2020,M,Spain
Fabio,371,2020,M,Spain
Neizan,357,2020,M,Spain
Jon,353,2020,M,Spain
Teo,350,2020,M,Spain
Isaac,349,2020,M,Spain
Arnau,340,2020,M,Spain
Luka,335,2020,M,Spain
Max,334,2020,M,Spain
Imran,330,2020,M,Spain
Youssef,330,2020,M,Spain
Anas,327,2020,M,Spain
Elias,326,2020,M,Spain
Hugo,3544,2019,M,Spain
Martin,3264,2019,M,Spain
Lucas,3197,2019,M,Spain
Mateo,3167,2019,M,Spain
Leo,2970,2019,M,Spain
Daniel,2969,2019,M,Spain
Alejandro,2950,2019,M,Spain
Pablo,2874,2019,M,Spain
Manuel,2467,2019,M,Spain
Alvaro,2280,2019,M,Spain
Adrian,2203,2019,M,Spain
David,1982,2019,M,Spain
Enzo,1902,2019,M,Spain
Mario,1898,2019,M,Spain
Diego,1881,2019,M,Spain
Marcos,1512,2019,M,Spain
Izan,1510,2019,M,Spain
Javier,1505,2019,M,Spain
Marco,1480,2019,M,Spain
Alex,1430,2019,M,Spain
Bruno,1358,2019,M,Spain
Oliver,1358,2019,M,Spain
Miguel,1324,2019,M,Spain
Antonio,1321,2019,M,Spain
Thiago,1320,2019,M,Spain
Marc,1284,2019,M,Spain
Carlos,1237,2019,M,Spain
Angel,1210,2019,M,Spain
Juan,1194,2019,M,Spain
Gonzalo,1167,2019,M,Spain
Gael,1166,2019,M,Spain
Sergio,1164,2019,M,Spain
Nicolas,1137,2019,M,Spain
Dylan,1083,2019,M,Spain
Gabriel,1060,2019,M,Spain
Jorge,1050,2019,M,Spain
Jose,1050,2019,M,Spain
Adam,983,2019,M,Spain
Liam,964,2019,M,Spain
Eric,953,2019,M,Spain
Samuel,943,2019,M,Spain
Dario,942,2019,M,Spain
Hector,929,2019,M,Spain
Luca,911,2019,M,Spain
Iker,898,2019,M,Spain
Amir,816,2019,M,Spain
Rodrigo,815,2019,M,Spain
Saul,812,2019,M,Spain
Victor,764,2019,M,Spain
Ivan,759,2019,M,Spain
Francisco,758,2019,M,Spain
Jesus,758,2019,M,Spain
Jaime,744,2019,M,Spain
Aaron,717,2019,M,Spain
Ruben,707,2019,M,Spain
Ian,691,2019,M,Spain
Guillermo,689,2019,M,Spain
Erik,686,2019,M,Spain
Mohamed,686,2019,M,Spain
Luis,682,2019,M,Spain
Julen,677,2019,M,Spain
Pau,639,2019,M,Spain
Unai,627,2019,M,Spain
Rafael,615,2019,M,Spain
Joel,612,2019,M,Spain
Alberto,594,2019,M,Spain
Pedro,585,2019,M,Spain
Raul,580,2019,M,Spain
Aitor,568,2019,M,Spain
Santiago,549,2019,M,Spain
Rayan,542,2019,M,Spain
Pol,521,2019,M,Spain
Noah,520,2019,M,Spain
Nil,515,2019,M,Spain
Jan,505,2019,M,Spain
Asier,496,2019,M,Spain
Fernando,493,2019,M,Spain
Alonso,464,2019,M,Spain
Matias,451,2019,M,Spain
Biel,444,2019,M,Spain
Andres,442,2019,M,Spain
Axel,440,2019,M,Spain
Ismael,434,2019,M,Spain
Marti,433,2019,M,Spain
Arnau,417,2019,M,Spain
Imran,395,2019,M,Spain
Luka,393,2019,M,Spain
Ignacio,386,2019,M,Spain
Aleix,381,2019,M,Spain
Alan,375,2019,M,Spain
Omar,374,2019,M,Spain
Elias,373,2019,M,Spain
Isaac,371,2019,M,Spain
Youssef,367,2019,M,Spain
Jon,361,2019,M,Spain
Teo,361,2019,M,Spain
Mauro,355,2019,M,Spain
Oscar,345,2019,M,Spain
Cristian,340,2019,M,Spain
Aday,333,2019,M,Spain
Hugo,3832,2018,M,Spain
Lucas,3633,2018,M,Spain
Martin,3349,2018,M,Spain
Daniel,3243,2018,M,Spain
Pablo,3157,2018,M,Spain
Mateo,3116,2018,M,Spain
Alejandro,3028,2018,M,Spain
Leo,2674,2018,M,Spain
Alvaro,2512,2018,M,Spain
Manuel,2501,2018,M,Spain
Adrian,2428,2018,M,Spain
David,2208,2018,M,Spain
Mario,2093,2018,M,Spain
Diego,1984,2018,M,Spain
Enzo,1858,2018,M,Spain
Javier,1713,2018,M,Spain
Marco,1710,2018,M,Spain
Marcos,1703,2018,M,Spain
Izan,1668,2018,M,Spain
Antonio,1447,2018,M,Spain
Bruno,1420,2018,M,Spain
Sergio,1413,2018,M,Spain
Alex,1381,2018,M,Spain
Miguel,1321,2018,M,Spain
Marc,1315,2018,M,Spain
Carlos,1304,2018,M,Spain
Thiago,1293,2018,M,Spain
Juan,1243,2018,M,Spain
Gonzalo,1235,2018,M,Spain
Oliver,1216,2018,M,Spain
Angel,1209,2018,M,Spain
Nicolas,1209,2018,M,Spain
Jorge,1204,2018,M,Spain
Eric,1120,2018,M,Spain
Dylan,1116,2018,M,Spain
Gabriel,1086,2018,M,Spain
Jose,1083,2018,M,Spain
Gael,1067,2018,M,Spain
Samuel,1036,2018,M,Spain
Dario,1026,2018,M,Spain
Hector,1004,2018,M,Spain
Saul,963,2018,M,Spain
Adam,955,2018,M,Spain
Ivan,870,2018,M,Spain
Victor,863,2018,M,Spain
Rodrigo,858,2018,M,Spain
Iker,850,2018,M,Spain
Aaron,822,2018,M,Spain
Ruben,818,2018,M,Spain
Francisco,810,2018,M,Spain
Luca,800,2018,M,Spain
Jesus,796,2018,M,Spain
Pau,783,2018,M,Spain
Jaime,768,2018,M,Spain
Luis,761,2018,M,Spain
Mohamed,750,2018,M,Spain
Guillermo,744,2018,M,Spain
Raul,734,2018,M,Spain
Ian,721,2018,M,Spain
Alberto,717,2018,M,Spain
Erik,712,2018,M,Spain
Pedro,708,2018,M,Spain
Amir,706,2018,M,Spain
Liam,704,2018,M,Spain
Unai,689,2018,M,Spain
Joel,686,2018,M,Spain
Rafael,679,2018,M,Spain
Julen,670,2018,M,Spain
Aitor,622,2018,M,Spain
Pol,620,2018,M,Spain
Marti,534,2018,M,Spain
Jan,529,2018,M,Spain
Asier,519,2018,M,Spain
Santiago,518,2018,M,Spain
Alonso,511,2018,M,Spain
Nil,507,2018,M,Spain
Ismael,502,2018,M,Spain
Rayan,495,2018,M,Spain
Andres,490,2018,M,Spain
Fernando,468,2018,M,Spain
Biel,463,2018,M,Spain
Noah,455,2018,M,Spain
Arnau,451,2018,M,Spain
Ignacio,437,2018,M,Spain
Matias,432,2018,M,Spain
Isaac,431,2018,M,Spain
Axel,425,2018,M,Spain
Cristian,422,2018,M,Spain
Oscar,413,2018,M,Spain
Imran,404,2018,M,Spain
Omar,403,2018,M,Spain
Youssef,399,2018,M,Spain
Alan,390,2018,M,Spain
Aleix,387,2018,M,Spain
Joan,382,2018,M,Spain
Luka,381,2018,M,Spain
Teo,370,2018,M,Spain
Mauro,359,2018,M,Spain
Jon,355,2018,M,Spain
Miguel Angel,352,2018,M,Spain
Lucia,4423,2017,F,Spain
Sofia,4221,2017,F,Spain
Maria,3890,2017,F,Spain
Martina,3829,2017,F,Spain
Paula,3089,2017,F,Spain
Julia,3005,2017,F,Spain
Daniela,2974,2017,F,Spain
Valeria,2862,2017,F,Spain
Alba,2686,2017,F,Spain
Emma,2528,2017,F,Spain
Carla,2492,2017,F,Spain
Sara,2419,2017,F,Spain
Noa,2378,2017,F,Spain
Carmen,2174,2017,F,Spain
Claudia,1912,2017,F,Spain
Valentina,1694,2017,F,Spain
Alma,1623,2017,F,Spain
Ana,1545,2017,F,Spain
Marta,1430,2017,F,Spain
Chloe,1425,2017,F,Spain
Olivia,1402,2017,F,Spain
Elena,1394,2017,F,Spain
Adriana,1372,2017,F,Spain
Laia,1367,2017,F,Spain
Vega,1360,2017,F,Spain
Vera,1345,2017,F,Spain
Lola,1344,2017,F,Spain
Irene,1325,2017,F,Spain
Jimena,1317,2017,F,Spain
Alejandra,1278,2017,F,Spain
Laura,1276,2017,F,Spain
Ines,1253,2017,F,Spain
Candela,1222,2017,F,Spain
Mia,1218,2017,F,Spain
Triana,1203,2017,F,Spain
Aitana,1180,2017,F,Spain
Abril,1039,2017,F,Spain
Lara,1033,2017,F,Spain
Carlota,1016,2017,F,Spain
Ariadna,1011,2017,F,Spain
Alicia,967,2017,F,Spain
Marina,953,2017,F,Spain
Clara,944,2017,F,Spain
Rocio,934,2017,F,Spain
Nora,898,2017,F,Spain
Manuela,893,2017,F,Spain
Blanca,883,2017,F,Spain
Victoria,876,2017,F,Spain
Ainhoa,843,2017,F,Spain
Andrea,821,2017,F,Spain
Leyre,819,2017,F,Spain
Angela,808,2017,F,Spain
Leire,780,2017,F,Spain
Nerea,774,2017,F,Spain
Celia,758,2017,F,Spain
Eva,757,2017,F,Spain
Ainara,740,2017,F,Spain
Zoe,703,2017,F,Spain
Elsa,657,2017,F,Spain
Natalia,591,2017,F,Spain
Isabel,584,2017,F,Spain
Gala,534,2017,F,Spain
Lia,531,2017,F,Spain
Iria,527,2017,F,Spain
Aina,514,2017,F,Spain
Ona,506,2017,F,Spain
Mar,502,2017,F,Spain
Africa,494,2017,F,Spain
Luna,476,2017,F,Spain
Cristina,472,2017,F,Spain
Cayetana,469,2017,F,Spain
Amira,452,2017,F,Spain
Aroa,450,2017,F,Spain
Gabriela,446,2017,F,Spain
Iris,443,2017,F,Spain
Mara,434,2017,F,Spain
Nuria,411,2017,F,Spain
Malak,406,2017,F,Spain
Carolina,404,2017,F,Spain
Jana,401,2017,F,Spain
Julieta,396,2017,F,Spain
Arlet,395,2017,F,Spain
Cloe,395,2017,F,Spain
Alexia,382,2017,F,Spain
Helena,379,2017,F,Spain
Diana,378,2017,F,Spain
Naia,373,2017,F,Spain
Aya,372,2017,F,Spain
Salma,372,2017,F,Spain
Paola,368,2017,F,Spain
Berta,366,2017,F,Spain
India,366,2017,F,Spain
Elia,358,2017,F,Spain
Anna,346,2017,F,Spain
Fatima,343,2017,F,Spain
Adara,337,2017,F,Spain
Naiara,332,2017,F,Spain
Nour,332,2017,F,Spain
Nahia,321,2017,F,Spain
Elisa,318,2017,F,Spain
Lucia,4925,2016,F,Spain
Martina,4328,2016,F,Spain
Maria,4296,2016,F,Spain
Sofia,4210,2016,F,Spain
Paula,3446,2016,F,Spain
Daniela,3167,2016,F,Spain
Valeria,3122,2016,F,Spain
Alba,3059,2016,F,Spain
Julia,3013,2016,F,Spain
Noa,2901,2016,F,Spain
Sara,2825,2016,F,Spain
Carla,2794,2016,F,Spain
Emma,2487,2016,F,Spain
Carmen,2445,2016,F,Spain
Claudia,2076,2016,F,Spain
Valentina,1803,2016,F,Spain
Ana,1744,2016,F,Spain
Marta,1684,2016,F,Spain
Irene,1583,2016,F,Spain
Adriana,1571,2016,F,Spain
Laura,1522,2016,F,Spain
Vega,1466,2016,F,Spain
Elena,1458,2016,F,Spain
Alejandra,1422,2016,F,Spain
Alma,1419,2016,F,Spain
Laia,1405,2016,F,Spain
Lola,1373,2016,F,Spain
Vera,1355,2016,F,Spain
Olivia,1349,2016,F,Spain
Aitana,1310,2016,F,Spain
Ines,1278,2016,F,Spain
Jimena,1243,2016,F,Spain
Candela,1214,2016,F,Spain
Ariadna,1211,2016,F,Spain
Carlota,1165,2016,F,Spain
Ainhoa,1123,2016,F,Spain
Marina,1063,2016,F,Spain
Nora,1061,2016,F,Spain
Triana,1061,2016,F,Spain
Chloe,1047,2016,F,Spain
Alicia,1020,2016,F,Spain
Clara,997,2016,F,Spain
Blanca,993,2016,F,Spain
Leire,985,2016,F,Spain
Rocio,980,2016,F,Spain
Mia,967,2016,F,Spain
Lara,944,2016,F,Spain
Ainara,941,2016,F,Spain
Abril,885,2016,F,Spain
Nerea,883,2016,F,Spain
Andrea,864,2016,F,Spain
Leyre,856,2016,F,Spain
Manuela,851,2016,F,Spain
Celia,847,2016,F,Spain
Victoria,843,2016,F,Spain
Elsa,842,2016,F,Spain
Angela,827,2016,F,Spain
Eva,742,2016,F,Spain
Natalia,678,2016,F,Spain
Zoe,671,2016,F,Spain
Aina,612,2016,F,Spain
Isabel,582,2016,F,Spain
Ona,545,2016,F,Spain
Lia,519,2016,F,Spain
Cristina,514,2016,F,Spain
Aroa,506,2016,F,Spain
Gala,498,2016,F,Spain
Gabriela,492,2016,F,Spain
Mar,490,2016,F,Spain
Iria,487,2016,F,Spain
Nuria,483,2016,F,Spain
Carolina,479,2016,F,Spain
Iris,460,2016,F,Spain
Mara,451,2016,F,Spain
Arlet,444,2016,F,Spain
Helena,426,2016,F,Spain
Luna,425,2016,F,Spain
Malak,421,2016,F,Spain
Cayetana,417,2016,F,Spain
Africa,414,2016,F,Spain
Alexia,407,2016,F,Spain
Diana,407,2016,F,Spain
Naia,407,2016,F,Spain
Paola,406,2016,F,Spain
Berta,405,2016,F,Spain
Elia,404,2016,F,Spain
Nahia,386,2016,F,Spain
Amira,376,2016,F,Spain
Aya,366,2016,F,Spain
Salma,353,2016,F,Spain
Ane,352,2016,F,Spain
Miriam,346,2016,F,Spain
Elisa,341,2016,F,Spain
Cloe,339,2016,F,Spain
Fatima,339,2016,F,Spain
Jana,338,2016,F,Spain
Noelia,331,2016,F,Spain
Mireia,314,2016,F,Spain
Anna,313,2016,F,Spain
Silvia,313,2016,F,Spain
Lucia,3432,2020,F,Spain
Sofia,3190,2020,F,Spain
Martina,3042,2020,F,Spain
Maria,2839,2020,F,Spain
Julia,2436,2020,F,Spain
Paula,2201,2020,F,Spain
Valeria,2167,2020,F,Spain
Emma,2119,2020,F,Spain
Daniela,2015,2020,F,Spain
Carla,1831,2020,F,Spain
Alba,1788,2020,F,Spain
Noa,1776,2020,F,Spain
Alma,1735,2020,F,Spain
Sara,1715,2020,F,Spain
Carmen,1701,2020,F,Spain
Vega,1660,2020,F,Spain
Lara,1529,2020,F,Spain
Mia,1493,2020,F,Spain
Valentina,1457,2020,F,Spain
Olivia,1450,2020,F,Spain
Claudia,1408,2020,F,Spain
Jimena,1336,2020,F,Spain
Lola,1330,2020,F,Spain
Chloe,1293,2020,F,Spain
Aitana,1255,2020,F,Spain
Abril,1215,2020,F,Spain
Ana,1201,2020,F,Spain
Laia,1183,2020,F,Spain
Triana,1126,2020,F,Spain
Candela,1109,2020,F,Spain
Alejandra,1081,2020,F,Spain
Elena,1036,2020,F,Spain
Vera,991,2020,F,Spain
Manuela,985,2020,F,Spain
Adriana,982,2020,F,Spain
Ines,946,2020,F,Spain
Marta,925,2020,F,Spain
Carlota,910,2020,F,Spain
Irene,896,2020,F,Spain
Victoria,834,2020,F,Spain
Blanca,821,2020,F,Spain
Marina,816,2020,F,Spain
Laura,780,2020,F,Spain
Rocio,775,2020,F,Spain
Alicia,768,2020,F,Spain
Clara,748,2020,F,Spain
Nora,745,2020,F,Spain
Lia,735,2020,F,Spain
Ariadna,683,2020,F,Spain
Zoe,645,2020,F,Spain
Amira,643,2020,F,Spain
Gala,634,2020,F,Spain
Celia,632,2020,F,Spain
Leire,590,2020,F,Spain
Eva,563,2020,F,Spain
Angela,560,2020,F,Spain
Andrea,538,2020,F,Spain
Africa,530,2020,F,Spain
Luna,530,2020,F,Spain
Ainhoa,528,2020,F,Spain
Ainara,501,2020,F,Spain
India,499,2020,F,Spain
Nerea,493,2020,F,Spain
Ona,492,2020,F,Spain
Elsa,489,2020,F,Spain
Isabel,475,2020,F,Spain
Leyre,437,2020,F,Spain
Gabriela,432,2020,F,Spain
Aina,421,2020,F,Spain
Cayetana,420,2020,F,Spain
Iria,419,2020,F,Spain
Jana,406,2020,F,Spain
Mar,404,2020,F,Spain
Cloe,383,2020,F,Spain
Lina,380,2020,F,Spain
Julieta,374,2020,F,Spain
Adara,362,2020,F,Spain
Naia,362,2020,F,Spain
Iris,361,2020,F,Spain
Nour,344,2020,F,Spain
Mara,343,2020,F,Spain
Helena,329,2020,F,Spain
Yasmin,326,2020,F,Spain
Natalia,322,2020,F,Spain
Arlet,310,2020,F,Spain
Diana,302,2020,F,Spain
Aroa,294,2020,F,Spain
Amaia,289,2020,F,Spain
Cristina,287,2020,F,Spain
Nahia,287,2020,F,Spain
Isabella,286,2020,F,Spain
Malak,286,2020,F,Spain
Elia,284,2020,F,Spain
Carolina,282,2020,F,Spain
Berta,273,2020,F,Spain
Fatima,269,2020,F,Spain
Nuria,266,2020,F,Spain
Azahara,263,2020,F,Spain
Macarena,263,2020,F,Spain
Aurora,257,2020,F,Spain
Lucia,3628,2019,F,Spain
Sofia,3516,2019,F,Spain
Martina,3181,2019,F,Spain
Maria,3176,2019,F,Spain
Julia,2611,2019,F,Spain
Paula,2503,2019,F,Spain
Emma,2367,2019,F,Spain
Daniela,2326,2019,F,Spain
Valeria,2254,2019,F,Spain
Alba,2106,2019,F,Spain
Sara,2003,2019,F,Spain
Noa,1975,2019,F,Spain
Carmen,1907,2019,F,Spain
Carla,1905,2019,F,Spain
Alma,1656,2019,F,Spain
Claudia,1602,2019,F,Spain
Valentina,1568,2019,F,Spain
Vega,1488,2019,F,Spain
Lara,1442,2019,F,Spain
Olivia,1387,2019,F,Spain
Mia,1385,2019,F,Spain
Aitana,1370,2019,F,Spain
Lola,1309,2019,F,Spain
Chloe,1276,2019,F,Spain
Ana,1268,2019,F,Spain
Alejandra,1224,2019,F,Spain
Abril,1214,2019,F,Spain
Jimena,1211,2019,F,Spain
Elena,1184,2019,F,Spain
Laia,1172,2019,F,Spain
Adriana,1156,2019,F,Spain
Candela,1114,2019,F,Spain
Marta,1101,2019,F,Spain
Triana,1075,2019,F,Spain
Irene,1067,2019,F,Spain
Vera,1064,2019,F,Spain
Ines,1055,2019,F,Spain
Carlota,1006,2019,F,Spain
Laura,939,2019,F,Spain
Manuela,904,2019,F,Spain
Ariadna,896,2019,F,Spain
Victoria,892,2019,F,Spain
Blanca,881,2019,F,Spain
Marina,880,2019,F,Spain
Rocio,836,2019,F,Spain
Clara,813,2019,F,Spain
Nora,782,2019,F,Spain
Alicia,775,2019,F,Spain
Lia,719,2019,F,Spain
Leire,718,2019,F,Spain
Celia,712,2019,F,Spain
Eva,672,2019,F,Spain
Gala,657,2019,F,Spain
Elsa,626,2019,F,Spain
Angela,621,2019,F,Spain
Amira,609,2019,F,Spain
Zoe,601,2019,F,Spain
Andrea,592,2019,F,Spain
Ainhoa,582,2019,F,Spain
Leyre,580,2019,F,Spain
Isabel,549,2019,F,Spain
Nerea,526,2019,F,Spain
Africa,517,2019,F,Spain
Ainara,509,2019,F,Spain
Ona,504,2019,F,Spain
Cayetana,473,2019,F,Spain
Nour,466,2019,F,Spain
Luna,456,2019,F,Spain
Iria,439,2019,F,Spain
Aina,438,2019,F,Spain
Mar,427,2019,F,Spain
Gabriela,417,2019,F,Spain
Mara,417,2019,F,Spain
Jana,410,2019,F,Spain
Natalia,396,2019,F,Spain
Julieta,381,2019,F,Spain
India,380,2019,F,Spain
Aroa,378,2019,F,Spain
Cloe,378,2019,F,Spain
Cristina,370,2019,F,Spain
Helena,368,2019,F,Spain
Fatima,358,2019,F,Spain
Lina,349,2019,F,Spain
Diana,348,2019,F,Spain
Carolina,343,2019,F,Spain
Naia,343,2019,F,Spain
Iris,342,2019,F,Spain
Arlet,324,2019,F,Spain
Alexia,320,2019,F,Spain
Elia,319,2019,F,Spain
Greta,313,2019,F,Spain
Nahia,312,2019,F,Spain
Malak,311,2019,F,Spain
Yasmin,309,2019,F,Spain
Berta,303,2019,F,Spain
Amaia,301,2019,F,Spain
Aya,298,2019,F,Spain
Salma,290,2019,F,Spain
Isabella,287,2019,F,Spain
Elisa,277,2019,F,Spain
Lucia,4037,2018,F,Spain
Sofia,3732,2018,F,Spain
Maria,3561,2018,F,Spain
Martina,3559,2018,F,Spain
Paula,2860,2018,F,Spain
Julia,2772,2018,F,Spain
Emma,2632,2018,F,Spain
Valeria,2539,2018,F,Spain
Daniela,2524,2018,F,Spain
Alba,2370,2018,F,Spain
Sara,2274,2018,F,Spain
Carla,2095,2018,F,Spain
Carmen,2050,2018,F,Spain
Noa,2015,2018,F,Spain
Claudia,1768,2018,F,Spain
Valentina,1549,2018,F,Spain
Alma,1503,2018,F,Spain
Vega,1442,2018,F,Spain
Ana,1436,2018,F,Spain
Olivia,1430,2018,F,Spain
Lola,1394,2018,F,Spain
Chloe,1382,2018,F,Spain
Elena,1305,2018,F,Spain
Aitana,1302,2018,F,Spain
Lara,1269,2018,F,Spain
Marta,1239,2018,F,Spain
Jimena,1234,2018,F,Spain
Mia,1210,2018,F,Spain
Vera,1207,2018,F,Spain
Alejandra,1204,2018,F,Spain
Laia,1203,2018,F,Spain
Irene,1153,2018,F,Spain
Adriana,1138,2018,F,Spain
Ines,1118,2018,F,Spain
Abril,1105,2018,F,Spain
Triana,1068,2018,F,Spain
Candela,1062,2018,F,Spain
Carlota,1058,2018,F,Spain
Laura,1016,2018,F,Spain
Ariadna,953,2018,F,Spain
Victoria,942,2018,F,Spain
Manuela,915,2018,F,Spain
Marina,895,2018,F,Spain
Blanca,892,2018,F,Spain
Clara,887,2018,F,Spain
Alicia,864,2018,F,Spain
Nora,853,2018,F,Spain
Rocio,831,2018,F,Spain
Leire,799,2018,F,Spain
Celia,729,2018,F,Spain
Ainara,698,2018,F,Spain
Ainhoa,687,2018,F,Spain
Angela,687,2018,F,Spain
Eva,682,2018,F,Spain
Leyre,669,2018,F,Spain
Lia,638,2018,F,Spain
Elsa,636,2018,F,Spain
Zoe,627,2018,F,Spain
Nerea,622,2018,F,Spain
Andrea,592,2018,F,Spain
Gala,576,2018,F,Spain
Isabel,539,2018,F,Spain
Aina,517,2018,F,Spain
Amira,514,2018,F,Spain
Africa,501,2018,F,Spain
Mar,485,2018,F,Spain
Natalia,484,2018,F,Spain
Cayetana,464,2018,F,Spain
Gabriela,446,2018,F,Spain
Diana,437,2018,F,Spain
Iria,435,2018,F,Spain
Mara,417,2018,F,Spain
Iris,410,2018,F,Spain
Cristina,409,2018,F,Spain
Ona,409,2018,F,Spain
Aroa,405,2018,F,Spain
India,403,2018,F,Spain
Nour,396,2018,F,Spain
Luna,395,2018,F,Spain
Helena,392,2018,F,Spain
Cloe,389,2018,F,Spain
Jana,374,2018,F,Spain
Lina,365,2018,F,Spain
Carolina,362,2018,F,Spain
Elia,357,2018,F,Spain
Amaia,353,2018,F,Spain
Berta,350,2018,F,Spain
Naia,349,2018,F,Spain
Julieta,347,2018,F,Spain
Arlet,346,2018,F,Spain
Nahia,337,2018,F,Spain
Alexia,333,2018,F,Spain
Fatima,330,2018,F,Spain
Aya,327,2018,F,Spain
Salma,327,2018,F,Spain
Isabella,313,2018,F,Spain
Paola,312,2018,F,Spain
Nuria,309,2018,F,Spain
Yasmin,308,2018,F,Spain
Malak,305,2018,F,Spain
